{
  "project_info": {
    "project_number": "428287849759",
    "project_id": "finalprojectmcc",
    "storage_bucket": "finalprojectmcc.appspot.com"
  },
  "client": [
    {
      "client_info": {
        "mobilesdk_app_id": "1:428287849759:android:314ae7a803fff8bdb36c2a",
        "android_client_info": {
          "package_name": "com.example.final_project_mcc"
        }
      },
      "oauth_client": [
        {
          "client_id": "428287849759-25saf09gsua95gphapsbhhr1lj4lual3.apps.googleusercontent.com",
          "client_type": 3
        }
      ],
      "api_key": [
        {
          "current_key": "AIzaSyBheXigoAkhh0uzSCO302pnZLSm9yz3gq0"
        }
      ],
      "services": {
        "appinvite_service": {
          "other_platform_oauth_client": [
            {
              "client_id": "428287849759-25saf09gsua95gphapsbhhr1lj4lual3.apps.googleusercontent.com",
              "client_type": 3
            }
          ]
        }
      }
    }
  ],
  "configuration_version": "1"
}